Clave del centro de trabajo;Clave del turno;Nombre del turno;Nombre del centro de trabajo;Tipo educativo;Nivel educativo;Servicio educativo;Nombre del control (P˙blico o Privado);Tipo de sostenimiento;Clave de la entidad federativa;Nombre de la entidad;Clave del municipio o delegaciÛn;Nombre del municipio o delegaciÛn;Clave de la localidad;Nombre de localidad;Domicilio;N˙mero exterior;Entre la calle;Y la calle;Calle posterior;Colonia;Nombre de la colonia;CÛdigo postal;P·gina web;Alumnos total (hombres);Alumnos total (mujeres);Alumnos total;Docentes total (hombres);Docentes total (mujeres);Docentes total;Aulas en uso;Aulas existentes;Tipo de localidad U - Urbano, R - Rural;UbicaciÛn de la escuela-localidad al Oeste del Meridiano de Greenwich, expresada en grados, minutos y segundos;UbicaciÛn de la escuela-localidad al norte del Ecuador, expresada en grados, minutos y segundos;UbicaciÛn de la escuela-localidad al Oeste del Meridiano de Greenwich, expresada en grados;UbicaciÛn de la escuela-localidad al norte del Ecuador, expresada en grados
16PJN0378X;1;MATUTINO;ADELITA;B¡SICA;PREESCOLAR;GENERAL;PRIVADO;PRIVADO;16;MICHOAC¡N DE OCAMPO;102;URUAPAN;1;URUAPAN;PROLONGACI”N ORIENTE;39;PRIVADA SEGUNDA DE ORIENTE;CALLE TERCERA DE ORIENTE;CALLE TERCERA PRIVADA ORIENTE;50;CASA DEL NI—O ORIENTE;60090;;34;42;76;0;3;3;3;3;;102:3:49.41 W;19:24:7.51 N;-102,063725;19,402086
16EJN0240F;1;MATUTINO;GRAL LAZARO CARDENAS DEL RIO;B¡SICA;PREESCOLAR;GENERAL;P⁄BLICO;ESTATAL;16;MICHOAC¡N DE OCAMPO;102;URUAPAN;1;URUAPAN;CALLE JOS… MARÕA VELASCO;13;CALLE JOS… LUIS CUEVAS;CALLE FRIDA KALHO;CALLE JUVENTINO ROSAS;406;MANUEL P…REZ CORONADO;60157;;19;18;37;0;3;3;2;2;;102:1:57.33 W;19:23:36.71 N;-102,032593;19,393531
16DJN2097X;1;MATUTINO;FRANCISCO GONZALEZ BOCANEGRA;B¡SICA;PREESCOLAR;GENERAL;P⁄BLICO;FEDERAL TRANSFERIDO;16;MICHOAC¡N DE OCAMPO;102;URUAPAN;1;URUAPAN;CALLE GABRIEL GARCIA HERNANDEZ;0;CALLE IRENE MEDINA FIGUEROA;CALLE GABRIEL MERINO RODILES;CALLE WENCESLAO VICTORIA SOTO;205;MOVIMIENTO ANTORCHITA;60156;;90;75;165;1;8;9;9;9;;102:1:26.50 W;19:23:51.60 N;-102,024027;19,397668
16PJN0632Z;1;MATUTINO;SALA MAGICA;B¡SICA;PREESCOLAR;GENERAL;PRIVADO;PRIVADO;16;MICHOAC¡N DE OCAMPO;102;URUAPAN;1;URUAPAN;CALLE AVENIDA LAZARO CARDENAS;3;NINGUNO NINGUNO;CALLE GARCÕA NAVA;CALLE LIBERTAD;318;ZUMPIMITO;60190;;20;13;33;0;3;3;3;3;;102:3:23.98 W;19:22:23.60 N;-102,056662;19,373222
16DJN0423O;1;MATUTINO;LUIS VAN BEETHOVEN;B¡SICA;PREESCOLAR;GENERAL;P⁄BLICO;FEDERAL TRANSFERIDO;16;MICHOAC¡N DE OCAMPO;102;URUAPAN;1;URUAPAN;CALLE LEONARDO DA VINCI;11;CALLEJ”N DEL ROSAL;CALLE BENITO JU¡REZ;CALLE REMBRANDT;218;PLAN DE AYALA;60014;;35;35;70;0;3;3;3;3;;102:4:57.39 W;19:25:23.53 N;-102,082607;19,423204
16DJN0085E;1;MATUTINO;HANS CHRISTIAN ANDERSEN;B¡SICA;PREESCOLAR;GENERAL;P⁄BLICO;FEDERAL TRANSFERIDO;16;MICHOAC¡N DE OCAMPO;102;URUAPAN;1;URUAPAN;CALLE COLOMBIA;45;CALLE PERU;CALLE PARAGUAY;CALLE BRASIL;20;AM…RICA;60160;;59;51;110;0;6;6;6;6;;102:3:0.95 W;19:24:5.90 N;-102,050265;19,40164
16PJN0237Y;1;MATUTINO;BAMBI;B¡SICA;PREESCOLAR;GENERAL;PRIVADO;PRIVADO;16;MICHOAC¡N DE OCAMPO;102;URUAPAN;1;URUAPAN;CALLE MARIANO JIMENEZ;99;PRIVADA DE ANILLO DE CIRCUNVALACI”N;NINGUNO NINGUNO;CALLE ANILLO DE CIRCUNVALACI”N;11;22 DE OCTUBRE;60074;;24;38;62;0;3;3;3;4;;102:4:18.99 W;19:25:0.70 N;-102,071943;19,416861
16DJN2666Y;1;MATUTINO;JUAN ESCUTIA;B¡SICA;PREESCOLAR;GENERAL;P⁄BLICO;FEDERAL TRANSFERIDO;16;MICHOAC¡N DE OCAMPO;102;URUAPAN;1;URUAPAN;CALLE JESUS REYES HEROLES;0;CALLE MIGUEL HIDALGO;CALLE MARÕA CURIE;DIAGONAL L¡ZARO C¡RDENAS;249;SAN JUAN EVANGELISTA;60060;;65;49;114;0;5;5;5;5;;102:4:22.53 W;19:24:38.29 N;-102,072926;19,410635
16DJN0422P;1;MATUTINO;RUBEN DARIO;B¡SICA;PREESCOLAR;GENERAL;P⁄BLICO;FEDERAL TRANSFERIDO;16;MICHOAC¡N DE OCAMPO;102;URUAPAN;1;URUAPAN;CALLE RÕO DUERO;0;CALLE RÕO AMAZONAS;CALLE RÕO VOLGA;CALLE RÕO AMAZONAS;191;MANANTIALES;60030;;18;18;36;0;3;3;3;3;;102:4:16.80 W;19:25:57.81 N;-102,071334;19,432724
16EJN0239Q;2;VESPERTINO;MARIA AUXILIADORA;B¡SICA;PREESCOLAR;GENERAL;P⁄BLICO;ESTATAL;16;MICHOAC¡N DE OCAMPO;102;URUAPAN;71;CUTZATO (CUISATO);CALLE NINGUNO;0;CALLE NINGUNO;CALLE NINGUNO;CALLE NINGUNO;2;CUTZATO (CUISATO);60230;;13;25;38;0;2;2;2;2;;102:7:45.69 W;19:21:36.81 N;-102,129357;19,360225
16DJN2309J;1;MATUTINO;LUIS DONALDO COLOSIO MURRIETA;B¡SICA;PREESCOLAR;GENERAL;P⁄BLICO;FEDERAL TRANSFERIDO;16;MICHOAC¡N DE OCAMPO;102;URUAPAN;119;TOREO BAJO (EL TOREO BAJO);PRIVADA JOS… MARÕA MORELOS Y PAV”N;0;CALLE ¡LVARO OBREG”N;PRIVADA OYAMEL;NINGUNO NINGUNO;6;TOREO BAJO;60223;;20;24;44;0;3;3;3;3;;102:0:7.84 W;19:26:52.67 N;-102,002177;19,447965
16PJN0279X;2;VESPERTINO;INSTITUTO MEXICO;B¡SICA;PREESCOLAR;GENERAL;PRIVADO;PRIVADO;16;MICHOAC¡N DE OCAMPO;102;URUAPAN;1;URUAPAN;CALLE LIBERTAD;16;CALLE 20 DE NOVIEMBRE;CALLE MANUEL OCARANZA;CALLE FRANCISCO I MADERO;54;CENTRO;60000;;28;20;48;0;2;2;2;2;;102:3:53.45 W;19:25:9.08 N;-102,064847;19,419188
16PJN0269Q;1;MATUTINO;PINOCHO;B¡SICA;PREESCOLAR;GENERAL;PRIVADO;PRIVADO;16;MICHOAC¡N DE OCAMPO;102;URUAPAN;1;URUAPAN;PRIVADA ANILLO DE CIRCUNVALACI”N;6;CALLE JOS… RUÕZ;ANDADOR MONTESSORI;CALLE ROSARIO CASTELLANOS;154;LA QUINTA;60030;;5;8;13;0;3;3;3;3;;102:4:34.80 W;19:25:55.79 N;-102,076333;19,432163
16DJN0134X;1;MATUTINO;JUAN GUTEMBERG;B¡SICA;PREESCOLAR;GENERAL;P⁄BLICO;FEDERAL TRANSFERIDO;16;MICHOAC¡N DE OCAMPO;102;URUAPAN;119;TOREO BAJO (EL TOREO BAJO);CALLE BENITO JU¡REZ;0;NINGUNO NINGUNO;CALLE MIGUEL HIDALGO;CALLE ACEITUNA;1;LA HUERTA;60127;;66;50;116;0;6;6;6;6;;102:0:22.28 W;19:26:33.85 N;-102,00619;19,442736
16DJN1918E;1;MATUTINO;FEDERICO FROEBEL;B¡SICA;PREESCOLAR;GENERAL;P⁄BLICO;FEDERAL TRANSFERIDO;16;MICHOAC¡N DE OCAMPO;102;URUAPAN;70;CORUPO;CALLE NINGUNO;0;CALLE NINGUNO;CALLE NINGUNO;CALLE NINGUNO;2;CORUPO;60201;;;;;;;;;;;102:14:8.02 W;19:36:8.83 N;-102,235561;19,602452
16PJN0383I;1;MATUTINO;PAULO FREIRE;B¡SICA;PREESCOLAR;GENERAL;PRIVADO;PRIVADO;16;MICHOAC¡N DE OCAMPO;102;URUAPAN;1;URUAPAN;CALLE NIGROMANTE;12;CALLE BENITO JUAREZ;CALLE MOCTEZUMA;CALLE YUCATAN;89;FRANCISCO J. M⁄JICA;60050;;15;11;26;0;3;3;3;3;;102:3:15.45 W;19:25:31.17 N;-102,054292;19,425325
16PJN0604C;1;MATUTINO;ALLEGRO;B¡SICA;PREESCOLAR;GENERAL;PRIVADO;PRIVADO;16;MICHOAC¡N DE OCAMPO;102;URUAPAN;1;URUAPAN;CALLE MANUEL OCARANZA;126;CALLE LICENCIADO PRIMO VERDAD;CALLE VICENTE GUERRERO (DEL RÕO);CALLE 20 DE NOVIEMBRE;54;CENTRO;60000;;26;20;46;0;3;3;3;3;;102:4:9.21 W;19:24:45.12 N;-102,069225;19,412534
16DJN2244Q;1;MATUTINO;DIEGO RIVERA;B¡SICA;PREESCOLAR;GENERAL;P⁄BLICO;FEDERAL TRANSFERIDO;16;MICHOAC¡N DE OCAMPO;102;URUAPAN;1;URUAPAN;AVENIDA QUIRINDAVARA;0;CALLE SOR JUANA IN…S DE LA CRUZ;CALLE JORGE OROZCO;CALLE JUSTO SIERRA;206;MOVIMIENTO MAGISTERIAL;60190;;85;93;178;0;8;8;8;8;;102:2:35.36 W;19:22:44.27 N;-102,043155;19,378965
16PJN0304F;1;MATUTINO;EL FUTURO DEL MA—ANA;B¡SICA;PREESCOLAR;GENERAL;PRIVADO;PRIVADO;16;MICHOAC¡N DE OCAMPO;102;URUAPAN;1;URUAPAN;CALLE MARIANO JIMENEZ;60;CALLE ARTICULO 123;PRIVADA PROLONGACI”N 20 DE NOVIEMBRE;CALLE PRIVADA 20 DE NOVIEMBRE;58;CENTRO (CUPATITZIO);60070;;;;;;;;;;;102:3:46.80 W;19:24:56.33 N;-102,063;19,415647
16DJN0004D;1;MATUTINO;PUREPECHA;B¡SICA;PREESCOLAR;GENERAL;P⁄BLICO;FEDERAL TRANSFERIDO;16;MICHOAC¡N DE OCAMPO;102;URUAPAN;118;TOREO ALTO (TOREO EL ALTO);NINGUNO NINGUNO;0;NINGUNO NINGUNO;NINGUNO NINGUNO;NINGUNO NINGUNO;2;TOREO EL ALTO;60222;;30;31;61;0;4;4;4;4;;102:0:5.54 W;19:27:37.98 N;-102,00154;19,460549
16PJN0258K;1;MATUTINO;MARIPOSA;B¡SICA;PREESCOLAR;GENERAL;PRIVADO;PRIVADO;16;MICHOAC¡N DE OCAMPO;102;URUAPAN;1;URUAPAN;CALLE RIO VERDE;2;CALLE RÕO BALSAS;CALZADA LA FUENTE;CALLE RÕO COLORADO;146;LA MORA;60130;;11;18;29;0;2;2;2;4;;102:2:32.14 W;19:25:1.60 N;-102,04226;19,417111
16PJN0080O;1;MATUTINO;LAPICITOS;B¡SICA;PREESCOLAR;GENERAL;PRIVADO;PRIVADO;16;MICHOAC¡N DE OCAMPO;102;URUAPAN;1;URUAPAN;CALLE ROBERTO GUTIERREZ A.;22;CALLE JUSTO SIERRA;CALLE FELIPE ¡NGELES;CALLE PROFESOR SANTIAGO CENDEJAS;206;MOVIMIENTO MAGISTERIAL;60190;;20;23;43;0;3;3;3;3;;102:3:53.58 W;19:22:37.64 N;-102,064884;19,377123
16PJN0048F;1;MATUTINO;INSTITUTO MARIE CURIE;B¡SICA;PREESCOLAR;GENERAL;PRIVADO;PRIVADO;16;MICHOAC¡N DE OCAMPO;102;URUAPAN;1;URUAPAN;CALLE HILANDEROS;444;AVENIDA MANUEL P…REZ CORONADO;CALLE GALEANA;CALLE MADRID;145;LA MAGDALENA;60080;;34;17;51;0;3;3;3;5;;102:3:35.23 W;19:24:15.24 N;-102,059785;19,404233
16EJN0023R;1;MATUTINO;GRAL LAZARO CARDENAS DEL RIO;B¡SICA;PREESCOLAR;GENERAL;P⁄BLICO;ESTATAL;16;MICHOAC¡N DE OCAMPO;102;URUAPAN;1;URUAPAN;CALLE LERDO DE TEJADA;77;CALLE AMADO NERVO;CALLE CARRILLO PUERTO;CALLE REVOLUCI”N;396;SAN JUAN;60040;;43;44;87;1;4;5;5;5;;102:3:57.93 W;19:25:38.25 N;-102,066092;19,427291
16EJN0221R;2;VESPERTINO;WENCESLAO VICTORIA SOTO;B¡SICA;PREESCOLAR;GENERAL;P⁄BLICO;ESTATAL;16;MICHOAC¡N DE OCAMPO;102;URUAPAN;1;URUAPAN;CALLE H…CTOR MARTÕNEZ PALACIOS;0;CALLE RUFINO CARDOZO S¡NCHEZ;CALLE NINGUNO;CALLE NINGUNO;316;WENCESLAO VICTORIA;60190;;38;27;65;0;4;4;4;4;;102:2:15.66 W;19:22:37.22 N;-102,037683;19,377006
16PJN0112Q;1;MATUTINO;FRAY JUAN DE SAN MIGUEL;B¡SICA;PREESCOLAR;GENERAL;PRIVADO;PRIVADO;16;MICHOAC¡N DE OCAMPO;102;URUAPAN;1;URUAPAN;CALLE VENEZUELA;52;CALLE ARGENTINA;CALLE BRASIL;CALLE SIMON BOLIVAR;182;LOS ¡NGELES;60160;;11;11;22;0;2;2;2;2;;102:3:10.44 W;19:24:14.79 N;-102,052901;19,404107
16PJN0652M;1;MATUTINO;COLEGIO MUNDO DE COLORES;B¡SICA;PREESCOLAR;GENERAL;PRIVADO;PRIVADO;16;MICHOAC¡N DE OCAMPO;102;URUAPAN;1;URUAPAN;AVENIDA LATINOAMERICANA;34;CALLE PRIVADA LATINOAMERICANA;CALLE CANANEA;CALLE COLOMBIA;182;LOS ¡NGELES;60010;;63;63;126;0;9;9;9;9;;102:2:59.51 W;19:24:15.35 N;-102,049865;19,404264
16PJN0551O;1;MATUTINO;EXPLORA;B¡SICA;PREESCOLAR;GENERAL;PRIVADO;PRIVADO;16;MICHOAC¡N DE OCAMPO;102;URUAPAN;1;URUAPAN;PRIVADA DOCTOR MIGUEL SILVA;96;CALLE DOCTOR MIGUEL SILVA;CALLE VICENTE GUERRERO;CALLE ALDAMA;212;OCTAVIANO ALANÕS;60073;;14;34;48;0;2;2;2;2;;102:4:0.84 W;19:24:51.58 N;-102,066901;19,414327
16DJN1938S;1;MATUTINO;NARCISO BASSOLS;B¡SICA;PREESCOLAR;GENERAL;P⁄BLICO;FEDERAL TRANSFERIDO;16;MICHOAC¡N DE OCAMPO;102;URUAPAN;1;URUAPAN;CALLE BENITO JU¡REZ;0;CALLE AMATISTA;CALLE DEL NI—O;CALLE JADE;213;PALITO VERDE;60094;;51;52;103;0;6;6;6;6;;102:4:9.03 W;19:24:2.05 N;-102,069174;19,400569
16DJN0105B;1;MATUTINO;MARIA DE MAEZTU;B¡SICA;PREESCOLAR;GENERAL;P⁄BLICO;FEDERAL TRANSFERIDO;16;MICHOAC¡N DE OCAMPO;102;URUAPAN;1;URUAPAN;CALLE SABINO;0;CALLE ¡LAMO;CALLE CASUARINAS;CALLE GALEANA;150;LA PINERA PRIMERA SECCI”N;60090;;19;20;39;0;3;3;3;3;;102:3:40.22 W;19:22:44.70 N;-102,061173;19,379083
16PJN0142K;1;MATUTINO;CASA DEL NI—O;B¡SICA;PREESCOLAR;GENERAL;PRIVADO;PRIVADO;16;MICHOAC¡N DE OCAMPO;102;URUAPAN;1;URUAPAN;CALLE DEL NI—O;11;AVENIDA ANILLO DE CIRCUNVALACI”N;CALLE NI—O OBRERO;NINGUNO NINGUNO;224;PROGRESO;60090;;69;59;128;0;4;4;4;5;;102:3:58.86 W;19:24:19.51 N;-102,066351;19,405419
16DJN2126B;1;MATUTINO;ROSARIO CASTELLANOS;B¡SICA;PREESCOLAR;GENERAL;P⁄BLICO;FEDERAL TRANSFERIDO;16;MICHOAC¡N DE OCAMPO;102;URUAPAN;1;URUAPAN;CALLE JOSE JUSTO CORRO;0;CALLE J. J. HERRERA;CALLE VICTORIANO HUERTA;CALLE CARLOS SALINAS DE GORTARI;242;SAN FRANCISCO;60157;;;;;;;;;;;102:1:33.99 W;19:23:36.01 N;-102,026108;19,393335
16PJN0435Y;1;MATUTINO;CASA DE LOS NI—OS RENILDE MONTESSORI;B¡SICA;PREESCOLAR;GENERAL;PRIVADO;PRIVADO;16;MICHOAC¡N DE OCAMPO;102;URUAPAN;1;URUAPAN;AVENIDA LATINOAMERICANA;4;CALLE SIM”N BOLÕVAR;CALLE CUBA;CALLE ARGENTINA;182;LOS ¡NGELES;60160;;9;14;23;0;1;1;1;1;;102:3:10.50 W;19:24:21.43 N;-102,052918;19,405954
16EJN0224O;1;MATUTINO;EJERCITO MEXICANO;B¡SICA;PREESCOLAR;GENERAL;P⁄BLICO;ESTATAL;16;MICHOAC¡N DE OCAMPO;102;URUAPAN;1;URUAPAN;CALLE CRISTOBAL LIMON;10;NINGUNO NINGUNO;CALLE GABRIEL CERVERA;CALLE GENERAL HERIBERTO JARA;67;EJ…RCITO MEXICANO;60154;;27;29;56;1;3;4;3;3;;102:1:30.62 W;19:24:35.61 N;-102,025172;19,409891
16PJN0606A;1;MATUTINO;COLEGIO ALBERT EINSTEIN;B¡SICA;PREESCOLAR;GENERAL;PRIVADO;PRIVADO;16;MICHOAC¡N DE OCAMPO;102;URUAPAN;1;URUAPAN;CALLE DIA;562;CALLE J. JESUS R. FLORES;AVENIDA UNIVERSO;CALLE TIERRA;296;SOL NACIENTE;60154;;11;16;27;0;3;3;3;3;;102:1:33.90 W;19:24:18.62 N;-102,026084;19,405172
16DJN2308K;1;MATUTINO;MARIA MONTESSORI;B¡SICA;PREESCOLAR;GENERAL;P⁄BLICO;FEDERAL TRANSFERIDO;16;MICHOAC¡N DE OCAMPO;102;URUAPAN;1;URUAPAN;AVENIDA SOL AZTECA;0;CALLE TENOCHTITLAN;CALLE NEZAHUALC”YOTL;CALLE CUITL¡HUAC;211;OBSERVATORIO;60105;;37;31;68;0;4;4;4;4;;102:1:0.47 W;19:25:2.88 N;-102,016798;19,417467
16DJN2616Q;2;VESPERTINO;JARDIN DE NI—OS;B¡SICA;PREESCOLAR;GENERAL;P⁄BLICO;FEDERAL TRANSFERIDO;16;MICHOAC¡N DE OCAMPO;102;URUAPAN;1;URUAPAN;CALLE COSTA RICA;0;CALLE REP⁄BLICA DE CHILE;CALLE BOLIVIA;CALLE BELICE;71;EL COLORÕN;60120;;31;26;57;0;5;5;5;9;;102:2:12.44 W;19:25:6.58 N;-102,03679;19,418495
16PJN0460X;1;MATUTINO;PEQUE—O EXPLORADOR;B¡SICA;PREESCOLAR;GENERAL;PRIVADO;PRIVADO;16;MICHOAC¡N DE OCAMPO;102;URUAPAN;1;URUAPAN;CALLE BUGAMBILIAS;298;CALLE HERMANOS L”PEZ RAY”N;CALLE INSURGENTES;NINGUNO CARRETERA URUAPAN-PATZCUARO;393;SIN NOMBRE;60128;;37;29;66;0;4;4;4;8;;102:1:57.45 W;19:25:41.43 N;-102,032624;19,428175
16PJN0583G;1;MATUTINO;INSTITUTO BORZONY;B¡SICA;PREESCOLAR;GENERAL;PRIVADO;PRIVADO;16;MICHOAC¡N DE OCAMPO;102;URUAPAN;1;URUAPAN;CALLE HORTENCIA;195;CALZADA LA FUENTE;CALLE JAZMÕN;CALLE JULIO L”PEZ CH¡VEZ;129;JULIO L”PEZ CH¡VEZ;56588;;34;41;75;0;5;5;5;5;;102:2:39.76 W;19:24:58.78 N;-102,044377;19,416328
16DJN0697D;2;VESPERTINO;ROSAURA ZAPATA;B¡SICA;PREESCOLAR;GENERAL;P⁄BLICO;FEDERAL TRANSFERIDO;16;MICHOAC¡N DE OCAMPO;102;URUAPAN;1;URUAPAN;CALLE GARCÕA ORTIZ;3;CALLE PORTAL MERCADO;CALLE DONATO GUERRA;CALLE OCAMPO;54;CENTRO;60000;;45;40;85;1;4;5;5;5;;102:3:47.68 W;19:25:18.61 N;-102,063245;19,421835
16DJN2186Q;1;MATUTINO;NICOLAS LENIN;B¡SICA;PREESCOLAR;GENERAL;P⁄BLICO;FEDERAL TRANSFERIDO;16;MICHOAC¡N DE OCAMPO;102;URUAPAN;1;URUAPAN;CALLE MANUEL MARTINEZ;0;CALLE ALBERTO PERALTA;CALLE AMADEO BETANCOURT;CALLE GABRIEL CERVERA;116;INFONAVIT CONSTITUYENTES;60155;;89;70;159;0;9;9;9;9;;102:1:43.95 W;19:24:12.10 N;-102,028876;19,403361
16PJN0582H;1;MATUTINO;COLEGIO FLORIDA DE MARIA;B¡SICA;PREESCOLAR;GENERAL;PRIVADO;PRIVADO;16;MICHOAC¡N DE OCAMPO;102;URUAPAN;1;URUAPAN;CALLE FRANCISCO I. MADERO;60;CALLE MIGUEL TREVI—O;CALLE ARTÕCULO 123;AVENIDA EMILIO CARRANZA;54;CENTRO;60000;;13;11;24;0;3;3;3;3;;102:3:59.53 W;19:25:14.98 N;-102,066537;19,420827
16DJN0863L;1;MATUTINO;NATALIO VAZQUEZ PALLARES;B¡SICA;PREESCOLAR;GENERAL;P⁄BLICO;FEDERAL TRANSFERIDO;16;MICHOAC¡N DE OCAMPO;102;URUAPAN;1;URUAPAN;CALLE RICARDO FLORES MAGON;0;CALLE ADOLFO LOPEZ MATEOS;NINGUNO LIBRAMIENTO ORIENTE;CALLE PASCUAL ORTIZ RUBIO;381;LAZARO CARDENAS;60135;;65;67;132;0;6;6;6;6;;102:1:32.01 W;19:24:51.63 N;-102,025557;19,414341
16PJN0609Y;1;MATUTINO;LETRAS Y GARABATOS;B¡SICA;PREESCOLAR;GENERAL;PRIVADO;PRIVADO;16;MICHOAC¡N DE OCAMPO;102;URUAPAN;1;URUAPAN;CALLE CAMELIA;6;CALLE JAZMÕN;CALLE PRIVADA DE CAMELIA;CALLE GALEANA;146;LA MORA;60130;;20;29;49;0;3;3;3;3;;102:2:27.11 W;19:24:57.33 N;-102,040864;19,415926
16DJN0110N;1;MATUTINO;EDUARDO CLAPAREDE;B¡SICA;PREESCOLAR;GENERAL;P⁄BLICO;FEDERAL TRANSFERIDO;16;MICHOAC¡N DE OCAMPO;102;URUAPAN;1;URUAPAN;CALLE NINGUNO;0;CALLE NINGUNO;AVENIDA CUTZAMALA;CALLE LUXEMBURGO;88;FOVISSSTE;60160;;29;30;59;0;5;5;5;5;;102:2:51.24 W;19:23:41.33 N;-102,047567;19,394815
16DJN0125P;1;MATUTINO;URUAPAN;B¡SICA;PREESCOLAR;GENERAL;P⁄BLICO;FEDERAL TRANSFERIDO;16;MICHOAC¡N DE OCAMPO;102;URUAPAN;1;URUAPAN;CALLE COSTA RICA;0;CALLE REP⁄BLICA DE CHILE;CALLE BOLIVIA;CALLE BELICE;71;EL COLORÕN;60120;;87;99;186;0;9;9;9;9;;102:2:12.44 W;19:25:6.58 N;-102,03679;19,418495
16DJN1754L;1;MATUTINO;BENITO JUAREZ;B¡SICA;PREESCOLAR;GENERAL;P⁄BLICO;FEDERAL TRANSFERIDO;16;MICHOAC¡N DE OCAMPO;102;URUAPAN;107;SAN MARCOS;NINGUNO NINGUNO;0;NINGUNO NINGUNO;NINGUNO NINGUNO;NINGUNO NINGUNO;2;SAN MARCOS;60227;;10;9;19;0;2;2;2;2;;101:58:39.06 W;19:18:28.30 N;-101,977517;19,307862
16PJN0426Q;1;MATUTINO;INSTITUTO PATRIA Y LIBERTAD;B¡SICA;PREESCOLAR;GENERAL;PRIVADO;PRIVADO;16;MICHOAC¡N DE OCAMPO;102;URUAPAN;1;URUAPAN;CALLE SAN MIGUEL;1801;CALLE CAMELINAS;AVENIDA SAN FRANCISCO;CALLE TABACHINES;192;MARIO MORENO REYES;60156;;13;13;26;0;2;2;2;2;;102:1:6.99 W;19:23:28.80 N;-102,018607;19,391332
16PJN0153Q;1;MATUTINO;INSTITUTO MORELOS;B¡SICA;PREESCOLAR;GENERAL;PRIVADO;PRIVADO;16;MICHOAC¡N DE OCAMPO;102;URUAPAN;1;URUAPAN;CALLE JUAN N LOPEZ;1198;CALLE HILANDEROS;CALLE GALEANA;CALLE GRAN PARADA;317;YAHUALICA;60080;;25;24;49;0;3;3;5;5;;102:3:21.49 W;19:24:30.83 N;-102,055969;19,408564
16DJN2042U;1;MATUTINO;NARCISO MENDOZA;B¡SICA;PREESCOLAR;GENERAL;P⁄BLICO;FEDERAL TRANSFERIDO;16;MICHOAC¡N DE OCAMPO;102;URUAPAN;1;URUAPAN;PRIVADA PLAN DE SAN LUIS;12;CALLE MARIANO MATAMOROS;CALLE PLAN DE AYUTLA;CALLE CAMINO VIEJO A TEJERÕAS;138;LA ESPERANZA;60010;;114;129;243;2;7;9;9;9;;102:1:9.13 W;19:24:12.38 N;-102,019204;19,40344
16DJN2233K;1;MATUTINO;ESTEFANIA CASTA—EDA;B¡SICA;PREESCOLAR;GENERAL;P⁄BLICO;FEDERAL TRANSFERIDO;16;MICHOAC¡N DE OCAMPO;102;URUAPAN;1;URUAPAN;CALLE TLAZAZALCA;0;CALLE P¡TZCUARO;CALLE MORELIA;CALLE CHAVINDA;307;VALLE DORADO;60135;;95;100;195;0;9;9;9;9;;102:0:34.32 W;19:24:33.28 N;-102,009532;19,409245
16EJN0228K;1;MATUTINO;GRAL LAZARO CARDENAS DEL RIO;B¡SICA;PREESCOLAR;GENERAL;P⁄BLICO;ESTATAL;16;MICHOAC¡N DE OCAMPO;102;URUAPAN;1;URUAPAN;CALLE JOS… MARÕA VELASCO;13;CALLE JOS… LUIS CUEVAS;CALLE FRIDA KALHO;CALLE JUVENTINO ROSAS;406;MANUEL P…REZ CORONADO;60157;;11;8;19;0;1;1;1;2;;102:1:57.33 W;19:23:36.71 N;-102,032593;19,393531
16DJN1572C;1;MATUTINO;MARIA MONTESSORI;B¡SICA;PREESCOLAR;GENERAL;P⁄BLICO;FEDERAL TRANSFERIDO;16;MICHOAC¡N DE OCAMPO;102;URUAPAN;1;URUAPAN;CALLE JUSTICIAA;0;CALLE LUCHADORES POR LA TIERRA;CALLE LA HUERTA;CALLE AM…RICA LIBRE;8;2 DE MAYO;60013;;60;69;129;0;6;6;6;6;;102:5:3.15 W;19:25:51.52 N;-102,084207;19,430978
16PJN0105G;1;MATUTINO;INSTITUTO MEXICO DE URUAPAN;B¡SICA;PREESCOLAR;GENERAL;PRIVADO;PRIVADO;16;MICHOAC¡N DE OCAMPO;102;URUAPAN;1;URUAPAN;CALLE LIBERTAD;16;CALLE 20 DE NOVIEMBRE;CALLE MANUEL OCARANZA;CALLE FRANCISCO I MADERO;54;CENTRO;60000;;36;35;71;0;3;3;3;3;;102:3:53.45 W;19:25:9.08 N;-102,064847;19,419188
16DJN0303B;1;MATUTINO;TLALOC;B¡SICA;PREESCOLAR;GENERAL;P⁄BLICO;FEDERAL TRANSFERIDO;16;MICHOAC¡N DE OCAMPO;102;URUAPAN;1;URUAPAN;CALLE NICOL¡S R…GULES;0;CALLE RUB…N JARAMILLO;CALLE EMILIANO ZAPATA;CALLE NINGUNO;12;28 DE OCTUBRE;60010;;;;;;;;;;;102:5:2.00 W;19:25:34.82 N;-102,083888;19,426339
16PJN0357K;1;MATUTINO;MUNDO MAGICO;B¡SICA;PREESCOLAR;GENERAL;PRIVADO;PRIVADO;16;MICHOAC¡N DE OCAMPO;102;URUAPAN;1;URUAPAN;CALLE TL¡LOC;64;AVENIDA HERMANOS FLORES MAGON;CALLE QUETZALC”ATL;CALLE NETZAHUALCOYOTL;197;M…XICO;60153;;2;3;5;0;3;3;2;3;;102:2:27.24 W;19:24:17.74 N;-102,040899;19,404927
16DJN1574A;1;MATUTINO;VICENTE SUAREZ;B¡SICA;PREESCOLAR;GENERAL;P⁄BLICO;FEDERAL TRANSFERIDO;16;MICHOAC¡N DE OCAMPO;102;URUAPAN;1;URUAPAN;NINGUNO NINGUNO;0;NINGUNO NINGUNO;NINGUNO NINGUNO;NINGUNO NINGUNO;380;SANTA ROSA (SANTA BARB¡RA);60190;;26;35;61;0;3;3;3;3;;102:1:52.85 W;19:22:59.81 N;-102,031347;19,383281
16EJN0225N;1;MATUTINO;GRAL GUERRERO;B¡SICA;PREESCOLAR;GENERAL;P⁄BLICO;ESTATAL;16;MICHOAC¡N DE OCAMPO;102;URUAPAN;1;URUAPAN;CALLE REPUBLICA DEL SALVADOR;0;CALLE 5 DE ENERO;CALLE PROLONGACI”N VERACRUZ;CALLE PUERTO RICO;398;GENERAL GUERRERO;60120;;23;32;55;0;2;2;2;3;;102:2:23.78 W;19:25:29.65 N;-102,039939;19,424902
16DJN2655S;2;VESPERTINO;GABRIELA MISTRAL;B¡SICA;PREESCOLAR;GENERAL;P⁄BLICO;FEDERAL TRANSFERIDO;16;MICHOAC¡N DE OCAMPO;102;URUAPAN;1;URUAPAN;PROLONGACI”N YUCATAN;0;AVENIDA LUCIO BLANCO;CALLE SEGUNDA PRIVADA DE NIGROMANTE;CALLE NIGROMANTE;84;ESPINOZA;60140;;31;23;54;0;4;4;4;7;;102:3:5.98 W;19:25:50.63 N;-102,051662;19,43073
16DJN2546L;1;MATUTINO;AZTECA;B¡SICA;PREESCOLAR;GENERAL;P⁄BLICO;FEDERAL TRANSFERIDO;16;MICHOAC¡N DE OCAMPO;102;URUAPAN;1;URUAPAN;CALLE IRERI;0;PRIVADA ITZI;AVENIDA MARUATA LUGAR PRECIOSO;CALLE NINGUNO;228;QUIRINDAVARA;60190;;53;60;113;1;6;7;7;7;;102:2:32.84 W;19:22:34.70 N;-102,042456;19,376306
16DJN0385B;1;MATUTINO;JUANA INES DE ASBAJE;B¡SICA;PREESCOLAR;GENERAL;P⁄BLICO;FEDERAL TRANSFERIDO;16;MICHOAC¡N DE OCAMPO;102;URUAPAN;1;URUAPAN;CALLE ACAPULCO;86;CALLE GONZALEZ ORTEGA;CALLE GENERAL SALAZAR;AVENIDA MANUEL PEREZ CORONADO;145;LA MAGDALENA;60080;;41;69;110;0;6;6;6;6;;102:3:24.60 W;19:24:41.68 N;-102,056834;19,411578
16PJN0075C;1;MATUTINO;INFANCIA CREATIVA;B¡SICA;PREESCOLAR;GENERAL;PRIVADO;PRIVADO;16;MICHOAC¡N DE OCAMPO;102;URUAPAN;1;URUAPAN;CALLE ANILLO DE CIRCUNVALACI”N;3;CALLE CUPATITZIO;CALLE CAMINO A LA FUNDICI”N;PRIVADA CUARTA CUPATITZIO;224;PROGRESO;60090;;10;14;24;0;3;3;3;3;;102:4:5.50 W;19:24:31.07 N;-102,068194;19,408631
16DJN0042G;2;VESPERTINO;ROSARIO CASTELLANOS;B¡SICA;PREESCOLAR;GENERAL;P⁄BLICO;FEDERAL;16;MICHOAC¡N DE OCAMPO;102;URUAPAN;1;URUAPAN;CALLE JOS… JUSTO CORRO;0;CALLE VICTORIANO HUERTA;CALLE LICENCIADO CARLOS SALINAS DE GORTARI;CALLE J. J. HERRERA;244;SAN FRANCISCO URUAPAN;60157;;38;41;79;0;3;3;3;10;;102:1:38.69 W;19:23:39.85 N;-102,027413;19,394403
16SJN0005E;5;CONTINUO;CENTRO DE DESARROLLO INFANTIL JORHENPERANI;B¡SICA;PREESCOLAR;GENERAL;PRIVADO;SUBSIDIO;16;MICHOAC¡N DE OCAMPO;102;URUAPAN;1;URUAPAN;CALLE LEANDRO VALLE;753;CALLE FRONT”N;CALLE ATLETISMO;CALLE TENIS;99;GRANJAS DE BELLAVISTA;60110;;48;39;87;0;12;12;6;6;;102:2:22.83 W;19:25:37.38 N;-102,039676;19,42705
16PJN0230E;1;MATUTINO;COLEGIO DE LAS AMERICAS;B¡SICA;PREESCOLAR;GENERAL;PRIVADO;PRIVADO;16;MICHOAC¡N DE OCAMPO;102;URUAPAN;1;URUAPAN;CALLE NI—OS HEROES;51;AVENIDA TEJEDA;CALLE GUADALUPE VICTORIA;CALLE MONTERREY;56;CENTRO (CONSTITUCI”N);60050;;45;40;85;0;5;5;5;5;;102:3:46.80 W;19:25:15.24 N;-102,063;19,4209
16DJN1576Z;1;MATUTINO;RICARDO FLORES MAGON;B¡SICA;PREESCOLAR;GENERAL;P⁄BLICO;FEDERAL TRANSFERIDO;16;MICHOAC¡N DE OCAMPO;102;URUAPAN;114;TEJERÕAS (TEJERÕAS DE SANTA CATARINA);CALLE ANTONIO VALDIVIA;0;NINGUNO NINGUNO;NINGUNO NINGUNO;NINGUNO NINGUNO;3;TEJERÕAS;60156;;38;36;74;1;3;4;4;4;;102:0:15.63 W;19:23:33.42 N;-102,004341;19,392618
16DJN0009Z;1;MATUTINO;ERENDIRA;B¡SICA;PREESCOLAR;GENERAL;P⁄BLICO;FEDERAL TRANSFERIDO;16;MICHOAC¡N DE OCAMPO;102;URUAPAN;1;URUAPAN;CALLE REFORMA;0;CALLE GILDARDO MAGA—A;CALLE FRANCISCO J. M⁄GICA;CALLE PLAN DE AYALA;18;EMILIANO ZAPATA;60180;;41;42;83;0;5;5;5;5;;102:3:21.81 W;19:23:26.64 N;-102,056057;19,390733
16PJN0653L;1;MATUTINO;INSTITUTO LITTLE FRIENDS;B¡SICA;PREESCOLAR;GENERAL;PRIVADO;PRIVADO;16;MICHOAC¡N DE OCAMPO;102;URUAPAN;1;URUAPAN;CALLE PARAGUAY;1235;CALLE CHECOSLOVAQUIA;CALLE NIZA;CALLE ESTOCOLMO;182;LOS ¡NGELES;60160;;25;31;56;0;3;3;3;3;;102:3:13.38 W;19:23:41.57 N;-102,053716;19,39488
16DJN0484B;1;MATUTINO;SCHUBERT;B¡SICA;PREESCOLAR;GENERAL;P⁄BLICO;FEDERAL TRANSFERIDO;16;MICHOAC¡N DE OCAMPO;102;URUAPAN;1;URUAPAN;CALLE SALAZAR;10;CALLE PRIMERA CERRADA DE ARTEAGA;CALLE JOS… MARÕA ARTEAGA;CALLE JESUS DIAZ;195;M¡RTIRES DE URUAPAN;60040;;33;29;62;1;3;4;4;4;;102:3:59.68 W;19:25:51.13 N;-102,066579;19,43087
16DJN0386A;1;MATUTINO;MEXICO;B¡SICA;PREESCOLAR;GENERAL;P⁄BLICO;FEDERAL TRANSFERIDO;16;MICHOAC¡N DE OCAMPO;102;URUAPAN;61;CALTZONTZIN;CALLE VENUSTIANO CARRANZA;0;CALLE VICENTE GUERRERO;CALLE PUR…PECHAS;CALLE VICENTE GUERRERO;2;DE SAN MIGUEL;60220;;74;60;134;0;6;6;6;6;;102:0:19.05 W;19:25:39.39 N;-102,005292;19,427607
16DJN0210M;1;MATUTINO;TARIACURI;B¡SICA;PREESCOLAR;GENERAL;P⁄BLICO;FEDERAL TRANSFERIDO;16;MICHOAC¡N DE OCAMPO;102;URUAPAN;1;URUAPAN;CALLE L¡ZARO C¡RDENAS;502;CALLE CAPIRE;PRIVADA AILE;NINGUNO NINGUNO;82;ELIAS P…REZ AVALOS;60094;;31;35;66;1;2;3;3;3;;102:4:16.65 W;19:24:26.12 N;-102,071292;19,407256
16PJN0537V;1;MATUTINO;SAN ANGELIN;B¡SICA;PREESCOLAR;GENERAL;PRIVADO;PRIVADO;16;MICHOAC¡N DE OCAMPO;102;URUAPAN;1;URUAPAN;CALLE SALAZAR;7;CALLE 5 DE MAYO;CALLE JUSTO MENDOZA;CALLE PRIVADA 5 DE MAYO;145;LA MAGDALENA;60080;;11;11;22;0;3;3;3;3;;102:3:33.31 W;19:24:47.13 N;-102,059253;19,413091
16PJN0117L;1;MATUTINO;COLEGIO HIDALGO DE MICHOAC¡N;B¡SICA;PREESCOLAR;GENERAL;PRIVADO;PRIVADO;16;MICHOAC¡N DE OCAMPO;102;URUAPAN;1;URUAPAN;CALZADA DE LA FUENTE;2900;CALLE LIBRAMIENTO ORIENTE;PRIVADA MANZANO;CALLE AEROPUERTO;297;TABACHINES;60133;;35;38;73;0;4;4;4;6;;102:1:55.46 W;19:24:58.48 N;-102,032073;19,416245
16DJN0207Z;1;MATUTINO;FEDERICO CHOPIN;B¡SICA;PREESCOLAR;GENERAL;P⁄BLICO;FEDERAL TRANSFERIDO;16;MICHOAC¡N DE OCAMPO;102;URUAPAN;1;URUAPAN;PRIVADA L¡ZARO C¡RDENAS;0;CALLE NINGUNO;CALLE NINGUNO;CALLE NINGUNO;394;JICAL¡N;60090;;13;16;29;0;2;2;2;3;;102:4:13.96 W;19:23:31.02 N;-102,070544;19,39195
16PJN0265U;1;MATUTINO;INSTITUTO EDUCATIVO ARQUIMIDES;B¡SICA;PREESCOLAR;GENERAL;PRIVADO;PRIVADO;16;MICHOAC¡N DE OCAMPO;102;URUAPAN;1;URUAPAN;CALLE OCASO;12;CALLE GALAXIA;CALLE UNIVERSO;CALLE CREPUSCULO;296;SOL NACIENTE;60154;;20;13;33;0;3;3;3;3;;102:1:40.50 W;19:24:25.84 N;-102,027916;19,407177
16DJN0144D;1;MATUTINO;MIGUEL HIDALGO;B¡SICA;PREESCOLAR;GENERAL;P⁄BLICO;FEDERAL TRANSFERIDO;16;MICHOAC¡N DE OCAMPO;102;URUAPAN;1;URUAPAN;CALLE REFORMA;39;CALLE ALDAMA;CALLE MIGUEL SILVA;CALLE NICOL¡S BRAVO;361;CENTRO (FRATERNIDAD);60073;;69;70;139;0;9;9;9;10;;102:3:41.22 W;19:25:1.57 N;-102,061449;19,417103
16PJN0407B;1;MATUTINO;ESPIRAL;B¡SICA;PREESCOLAR;GENERAL;PRIVADO;PRIVADO;16;MICHOAC¡N DE OCAMPO;102;URUAPAN;1;URUAPAN;CALLE MAZATLAN;30;CALLE JOS… MORENO;CALLE JOS… MARÕA MORELOS;CALLE GALEANA;317;YAHUALICA;60080;;27;26;53;0;3;3;6;6;;102:3:18.06 W;19:24:26.38 N;-102,055017;19,407328
16DJN0302C;1;MATUTINO;BERNAL DIAZ DEL CASTILLO;B¡SICA;PREESCOLAR;GENERAL;P⁄BLICO;FEDERAL TRANSFERIDO;16;MICHOAC¡N DE OCAMPO;102;URUAPAN;1;URUAPAN;CALLE MAGNOLIA;0;AVENIDA LAS AMERICAS;CALLE TULIPAN;CALLE GARDENIA;146;LA MORA;60130;;83;75;158;0;10;10;10;10;;102:2:21.39 W;19:24:46.82 N;-102,039274;19,413005
16PJN0024W;1;MATUTINO;CARLOS A. CARRILLO;B¡SICA;PREESCOLAR;GENERAL;PRIVADO;PRIVADO;16;MICHOAC¡N DE OCAMPO;102;URUAPAN;1;URUAPAN;CALLE PINZ”N;852;CALLE RICARDO FLORES MAGON;CALLE RÕO DE JANEIRO;CALLE CISNE;312;VILLA URUAPAN;60120;;11;5;16;0;2;2;2;3;;102:2:19.98 W;19:25:28.46 N;-102,038882;19,424571
16DJN0143E;1;MATUTINO;MELCHOR OCAMPO;B¡SICA;PREESCOLAR;GENERAL;P⁄BLICO;FEDERAL TRANSFERIDO;16;MICHOAC¡N DE OCAMPO;102;URUAPAN;1;URUAPAN;CALLE CALIFORNIA;20;CALLE FRANCISCO VILLA;CALLE PROL YUCATAN;CALLE JALISCO;229;RAM”N FARÕAS;60050;;55;56;111;0;5;5;5;5;;102:3:17.35 W;19:25:10.32 N;-102,05482;19,419533
16DJN0858Z;1;MATUTINO;GABRIELA MISTRAL;B¡SICA;PREESCOLAR;GENERAL;P⁄BLICO;FEDERAL TRANSFERIDO;16;MICHOAC¡N DE OCAMPO;102;URUAPAN;1;URUAPAN;PROLONGACI”N YUCATAN;0;AVENIDA LUCIO BLANCO;CALLE SEGUNDA PRIVADA DE NIGROMANTE;CALLE NIGROMANTE;84;ESPINOZA;60140;;60;57;117;0;7;7;7;7;;102:3:5.98 W;19:25:50.63 N;-102,051662;19,43073
16DJN0485A;1;MATUTINO;SCHUMANN;B¡SICA;PREESCOLAR;GENERAL;P⁄BLICO;FEDERAL TRANSFERIDO;16;MICHOAC¡N DE OCAMPO;102;URUAPAN;103;EL SABINO;NINGUNO NINGUNO;0;NINGUNO NINGUNO;NINGUNO NINGUNO;NINGUNO NINGUNO;2;EL SABINO;60223;;13;16;29;0;2;2;2;2;;101:58:18.40 W;19:17:31.89 N;-101,971779;19,292192
16PJN0457J;1;MATUTINO;LA FUENTE DEL SABER;B¡SICA;PREESCOLAR;GENERAL;PRIVADO;PRIVADO;16;MICHOAC¡N DE OCAMPO;102;URUAPAN;1;URUAPAN;CALLE REPUBLICA DEL SALVADOR;30;CALLE PER⁄;CALLE NICARAGUA;CALLE PANAM¡;71;EL COLORÕN;60120;;10;8;18;0;2;2;2;4;;102:2:18.80 W;19:25:17.08 N;-102,038556;19,421411
16DJN2480T;1;MATUTINO;JUAN ESCUTIA;B¡SICA;PREESCOLAR;GENERAL;P⁄BLICO;FEDERAL TRANSFERIDO;16;MICHOAC¡N DE OCAMPO;102;URUAPAN;154;EL ARROYO COLORADO;NINGUNO NINGUNO;0;NINGUNO NINGUNO;NINGUNO NINGUNO;NINGUNO NINGUNO;2;EL ARROYO COLORADO;60235;;29;33;62;0;3;3;3;3;;102:3:8.16 W;19:20:41.97 N;-102,052267;19,344993
16DJN0377T;1;MATUTINO;FERNANDO MONTES DE OCA;B¡SICA;PREESCOLAR;GENERAL;P⁄BLICO;FEDERAL TRANSFERIDO;16;MICHOAC¡N DE OCAMPO;102;URUAPAN;95;CAMPAMENTO ZUMPIMITO (LA PLANTA);NINGUNO NINGUNO;0;NINGUNO NINGUNO;NINGUNO NINGUNO;NINGUNO NINGUNO;2;CAMPAMENTO ZUMPIMITO (LA PLANTA);60235;;43;50;93;0;7;7;7;7;;102:4:13.17 W;19:21:27.37 N;-102,070326;19,357604
16DJN1454O;2;VESPERTINO;MELCHOR OCAMPO;B¡SICA;PREESCOLAR;GENERAL;P⁄BLICO;FEDERAL TRANSFERIDO;16;MICHOAC¡N DE OCAMPO;102;URUAPAN;1;URUAPAN;CALLE CALIFORNIA;20;CALLE FRANCISCO VILLA;CALLE PROL YUCATAN;CALLE JALISCO;229;RAM”N FARÕAS;60050;;20;39;59;1;3;4;4;6;;102:3:17.35 W;19:25:10.32 N;-102,05482;19,419533
16PJN0148E;1;MATUTINO;LA PAZ;B¡SICA;PREESCOLAR;GENERAL;PRIVADO;PRIVADO;16;MICHOAC¡N DE OCAMPO;102;URUAPAN;1;URUAPAN;CALLE CANANEA;820;CALLE CEREZOS;CALLE COLOMBIA;CALLE PARAGUAY;280;DEL VALLE;60160;;32;41;73;0;3;3;3;7;;102:2:45.73 W;19:23:59.18 N;-102,046035;19,399773
16DJN1529O;1;MATUTINO;NACIONES UNIDAS;B¡SICA;PREESCOLAR;GENERAL;P⁄BLICO;FEDERAL TRANSFERIDO;16;MICHOAC¡N DE OCAMPO;102;URUAPAN;1;URUAPAN;CALLE RIO BLANCO;1985;CALLE COSTA RICA;CALLE ARGENTINA;CALLE AEROPUERTO;246;SAN JOS… OBRERO;60160;;17;19;36;0;3;3;3;4;;102:2:36.16 W;19:24:7.29 N;-102,043378;19,402024
16PJN0219I;1;MATUTINO;LA PRIMAVERA;B¡SICA;PREESCOLAR;GENERAL;PRIVADO;PRIVADO;16;MICHOAC¡N DE OCAMPO;102;URUAPAN;1;URUAPAN;CALLE NICARAGUA;2545;CALLE PRIMERO DE MAYO;CALLE CANANEA;CALLE COLOMBIA;246;SAN JOS… OBRERO;60160;;10;12;22;0;2;2;2;2;;102:2:42.89 W;19:24:1.50 N;-102,045247;19,400417
16PJN0631Z;1;MATUTINO;PEQUE—OS PASITOS;B¡SICA;PREESCOLAR;GENERAL;PRIVADO;PRIVADO;16;MICHOAC¡N DE OCAMPO;102;URUAPAN;1;URUAPAN;CALLE MARIANO PAREDES;233;CALLE GENERAL NICOL¡S BRAVO;CALLE CARLOS SALINAS DE GORTARI;CALLE VENUSTIANO CARRANZA;244;SAN FRANCISCO URUAPAN;60157;;14;12;26;0;3;3;3;3;;102:1:32.44 W;19:23:31.46 N;-102,025678;19,392072
16PJN0371D;1;MATUTINO;JEAN PIAGET;B¡SICA;PREESCOLAR;GENERAL;PRIVADO;PRIVADO;16;MICHOAC¡N DE OCAMPO;102;URUAPAN;1;URUAPAN;CALLE 20 DE NOVIEMBRE;32;CALLE LIBERTAD;CALLE FRANCISCO I MADERO;CALLE ARTÕCULO 123;54;CENTRO;60000;;14;10;24;0;2;2;2;10;;102:3:55.93 W;19:25:10.55 N;-102,065537;19,419597
16DJN1322X;1;MATUTINO;TATA VASCO;B¡SICA;PREESCOLAR;GENERAL;P⁄BLICO;FEDERAL TRANSFERIDO;16;MICHOAC¡N DE OCAMPO;102;URUAPAN;1;URUAPAN;ANDADOR CERRO DE LA CAMPANA;0;CALLE RÕO COLORADO;ANDADOR CERRO DE JORULLO;CALLE LOMA ESCONDIDA;54;CENTRO;60000;;25;39;64;0;4;4;4;5;;102:2:32.13 W;19:25:51.71 N;-102,042259;19,431031
16DJN2915O;2;VESPERTINO;JOSE ROSAS MORENO;B¡SICA;PREESCOLAR;GENERAL;P⁄BLICO;FEDERAL TRANSFERIDO;16;MICHOAC¡N DE OCAMPO;102;URUAPAN;1;URUAPAN;CALLE FRANCISCO J. M⁄GICA;490;CALLE JES⁄S ROMERO FLORES;CALLE FRANCISCO J. M⁄GICA;CALLE L¡ZARO C¡RDENAS;237;REVOLUCI”N;60150;;23;13;36;0;3;3;3;3;;102:2:57.34 W;19:24:32.22 N;-102,049262;19,408951
16PJN0646B;1;MATUTINO;PARAKHATA;B¡SICA;PREESCOLAR;GENERAL;PRIVADO;PRIVADO;16;MICHOAC¡N DE OCAMPO;102;URUAPAN;1;URUAPAN;CALLE CUPATITZIO;48;CALLE ABIGAIL PATI—O;CALLE LIBERTAD;CALLE MANUEL OCARANZA;54;CENTRO;60000;;14;11;25;0;2;2;2;4;;102:3:54.54 W;19:25:6.35 N;-102,06515;19,418431
16DJN2303P;1;MATUTINO;JEAN PIAGET;B¡SICA;PREESCOLAR;GENERAL;P⁄BLICO;FEDERAL TRANSFERIDO;16;MICHOAC¡N DE OCAMPO;102;URUAPAN;1;URUAPAN;CALLE DIAMANTE;0;CALLE ESMERALDA;CERRADA NINGUNO;PRIVADA IGNACIO ALLENDE;152;LA PRESA;60134;;54;46;100;0;5;5;5;5;;102:1:16.46 W;19:24:58.89 N;-102,02124;19,416359
16DJN0010O;1;MATUTINO;MARTIN GONZALEZ VAZQUEZ;B¡SICA;PREESCOLAR;GENERAL;P⁄BLICO;FEDERAL TRANSFERIDO;16;MICHOAC¡N DE OCAMPO;102;URUAPAN;1;URUAPAN;CALLE REGINA;211;CALLE PLATEROS;CALLE DEL RELOJ;CALLE DE LA ENSE—ANZA;74;EL MIRADOR;60010;;10;8;18;0;2;2;2;2;;102:4:26.37 W;19:26:21.71 N;-102,073993;19,439365
16PJN0274B;1;MATUTINO;NAZARETH;B¡SICA;PREESCOLAR;GENERAL;PRIVADO;PRIVADO;16;MICHOAC¡N DE OCAMPO;102;URUAPAN;1;URUAPAN;CALLE HILANDEROS;8;CALLE MORELOS;CALLE FRANCISCO SARABIA;CALLE ACAPULCO;204;MORELOS;60050;;5;6;11;0;2;2;2;2;;102:3:15.89 W;19:25:31.83 N;-102,054414;19,425508
16DJN1641I;1;MATUTINO;URUAPANI;B¡SICA;PREESCOLAR;GENERAL;P⁄BLICO;FEDERAL TRANSFERIDO;16;MICHOAC¡N DE OCAMPO;102;URUAPAN;1;URUAPAN;CALLE CHARACO;0;NINGUNO NINGUNO;NINGUNO NINGUNO;NINGUNO NINGUNO;306;VALLE DE SAN PEDRO;60063;;;;;;;;;;;102:4:26.94 W;19:25:18.26 N;-102,074149;19,42174
16PJN0369P;1;MATUTINO;TERESA MARTIN;B¡SICA;PREESCOLAR;GENERAL;PRIVADO;PRIVADO;16;MICHOAC¡N DE OCAMPO;102;URUAPAN;82;JUCUT¡CATO;CALLE MIGUEL HIDALGO;11;CALLE LAZARO CARDENAS;CALLE GUADALUPE VICTORIA;CALLE JUAN ESCUTIA;2;JUCUT¡CATO;60230;;13;8;21;0;2;2;2;2;;102:4:48.63 W;19:22:31.99 N;-102,080175;19,375554
16DJN0206Z;1;MATUTINO;HELEN KELLER;B¡SICA;PREESCOLAR;GENERAL;P⁄BLICO;FEDERAL TRANSFERIDO;16;MICHOAC¡N DE OCAMPO;102;URUAPAN;1;URUAPAN;CALLE SAN FRANCISCO URUAPAN;0;CALLE TAC¡TZCUARO;CALLE VICENTE GUERRERO;CALLE ZIRAHU…N;11;22 DE OCTUBRE;60074;;56;73;129;0;4;4;4;4;;102:4:14.91 W;19:24:50.52 N;-102,070808;19,414033
16DJN0859Z;1;MATUTINO;LUIS PASTEUR;B¡SICA;PREESCOLAR;GENERAL;P⁄BLICO;FEDERAL TRANSFERIDO;16;MICHOAC¡N DE OCAMPO;102;URUAPAN;58;LA BASILIA;AVENIDA SAN ISIDRO;0;CALLE ENCINO;CALLE NINGUNO;NINGUNO NINGUNO;2;LA BASILIA;60223;;24;43;67;0;6;6;6;6;;102:4:4.95 W;19:27:47.69 N;-102,068041;19,463248
16DJN0304A;1;MATUTINO;ERANDI;B¡SICA;PREESCOLAR;GENERAL;P⁄BLICO;FEDERAL TRANSFERIDO;16;MICHOAC¡N DE OCAMPO;102;URUAPAN;1;URUAPAN;CALLE ERANDI;0;CALLE GABRIEL ZAMORA;AVENIDA BENITO JU¡REZ;CALLE PELAGIO RODRÕGUEZ;135;LA CHARANDA;60040;;;;;;;;;;;102:3:38.81 W;19:25:43.81 N;-102,060781;19,428836
16DJN2307L;1;MATUTINO;IGNACIO ZARAGOZA SEGUIN;B¡SICA;PREESCOLAR;GENERAL;P⁄BLICO;FEDERAL TRANSFERIDO;16;MICHOAC¡N DE OCAMPO;102;URUAPAN;1;URUAPAN;CALLE NINGUNO;0;CALLE NINGUNO;CALLE NINGUNO;CALLE NINGUNO;394;JICAL¡N;60090;;24;29;53;1;2;3;3;3;;102:4:28.24 W;19:23:6.48 N;-102,07451;19,385133
16EJN0241E;1;MATUTINO;RIYITOS;B¡SICA;PREESCOLAR;GENERAL;P⁄BLICO;ESTATAL;16;MICHOAC¡N DE OCAMPO;102;URUAPAN;1;URUAPAN;CALLE DELICIAS;0;CALLE JUSTO SIERRA;CALLE JUSTO SIERRA;CALLE MANUEL PAYNO;188;LOS RIYITOS;60030;;11;22;33;0;2;2;2;2;;102:4:12.00 W;19:25:49.85 N;-102,069999;19,430515
16DJN2306M;1;MATUTINO;TERESA MAGA—A SILVA;B¡SICA;PREESCOLAR;GENERAL;P⁄BLICO;FEDERAL TRANSFERIDO;16;MICHOAC¡N DE OCAMPO;102;URUAPAN;1;URUAPAN;CALLE MIGUEL HIDALGO;0;CALLE DEL CHINITO;CALLE EFR…N CAPIZ;CALLE 16 DE FEBRERO;305;VALLE DE LAS DELICIAS;60090;;39;41;80;0;4;4;4;4;;102:3:31.05 W;19:23:59.43 N;-102,058626;19,399841
16PJN0380L;1;MATUTINO;INSTITUTO EDUCATIVO EL REINO DE SOFIA;B¡SICA;PREESCOLAR;GENERAL;PRIVADO;PRIVADO;16;MICHOAC¡N DE OCAMPO;102;URUAPAN;1;URUAPAN;CALLE JURHIATA;328;CALLE PARICUTÕN;AVENIDA MARUATA LUGAR PRECIOSO;CALLE PIREKUA;253;SANTA B¡RBARA;60180;;25;28;53;0;3;3;3;3;;102:2:36.80 W;19:22:33.48 N;-102,043556;19,375967
16PJN0587C;1;MATUTINO;VIDA Y MISION;B¡SICA;PREESCOLAR;GENERAL;PRIVADO;PRIVADO;16;MICHOAC¡N DE OCAMPO;102;URUAPAN;1;URUAPAN;CALLE GERTRUDIS BOCANEGRA;3;CALLE VENUSTIANO CARRANZA;CALLE CONSTITUCION;CALLE CALZADA BENITO JUAREZ;135;LA CHARANDA;60040;;15;15;30;0;3;3;3;3;;102:3:37.34 W;19:25:36.78 N;-102,060371;19,426883
16DJN0209X;1;MATUTINO;ISAAC NEWTON;B¡SICA;PREESCOLAR;GENERAL;P⁄BLICO;FEDERAL TRANSFERIDO;16;MICHOAC¡N DE OCAMPO;102;URUAPAN;82;JUCUT¡CATO;AVENIDA ADOLFO LOPEZ MATEOS;0;CALLE MIGUEL HIDALGO;CALLE JOSE MARIA MORELOS;NINGUNO NINGUNO;2;JUCUT¡CATO;60230;;45;60;105;2;4;6;6;6;;102:4:44.00 W;19:22:29.00 N;-102,078889;19,374722
16DJN2563B;1;MATUTINO;FRANCISCO GABILONDO SOLER;B¡SICA;PREESCOLAR;GENERAL;P⁄BLICO;FEDERAL TRANSFERIDO;16;MICHOAC¡N DE OCAMPO;102;URUAPAN;1;URUAPAN;CALLE MARTE;0;CALLE SOL;CALLE UNIVERSO;CALLE SOL;325;PLANETARIO;60157;;;;;;;;;;;102:1:9.87 W;19:23:8.34 N;-102,019409;19,385651
16EJN0026O;1;MATUTINO;JOSE ROSAS MORENO;B¡SICA;PREESCOLAR;GENERAL;P⁄BLICO;ESTATAL;16;MICHOAC¡N DE OCAMPO;102;URUAPAN;1;URUAPAN;AVENIDA LAZARO CARDENAS;527;CALLE REP⁄BLICA DE CUBA;CALLE RAMON DANZOS PALOMINOS;CALLE EMILIANO ZAPATA;12;28 DE OCTUBRE;60010;;48;64;112;0;8;8;8;8;;102:4:45.71 W;19:25:43.40 N;-102,079363;19,428722
16DJN1573B;1;MATUTINO;CUITLAHUAC;B¡SICA;PREESCOLAR;GENERAL;P⁄BLICO;FEDERAL TRANSFERIDO;16;MICHOAC¡N DE OCAMPO;102;URUAPAN;86;MATANGUAR¡N (SAN JOS… DEL VALLE);NINGUNO DOMICILIO CONOCIDO;0;NINGUNO NINGUNO;NINGUNO NINGUNO;NINGUNO NINGUNO;2;MATANGUAR¡N;60235;;23;21;44;0;2;2;2;2;;102:5:52.05 W;19:20:22.55 N;-102,097792;19,339598
16DJN0040I;2;VESPERTINO;FRANCISCO GABILONDO SOLER;B¡SICA;PREESCOLAR;GENERAL;P⁄BLICO;FEDERAL;16;MICHOAC¡N DE OCAMPO;102;URUAPAN;1;URUAPAN;CALLE MARTE;0;CALLE UNIVERSO;CALLE SOL;CALLE PLUT”N;325;PLANETARIO;60157;;31;29;60;1;2;3;3;3;;102:1:36.83 W;19:23:0.16 N;-102,026897;19,383378
16PJN0534Y;1;MATUTINO;MAHATMA GANDHI;B¡SICA;PREESCOLAR;GENERAL;PRIVADO;PRIVADO;16;MICHOAC¡N DE OCAMPO;102;URUAPAN;1;URUAPAN;CALLE ARCADIO MARTINEZ;70;CALLE VICENTE GUERRERO;CALLE PLUTARCO ELIAS;CALLE DE LA FUENTE;381;LAZARO CARDENAS;60135;;42;49;91;0;5;5;5;20;;102:1:39.92 W;19:24:50.57 N;-102,027756;19,414046
16SJN0007C;5;CONTINUO;CENTRO DE DESARROLLO INFANTIL TZIPECUARO;B¡SICA;PREESCOLAR;GENERAL;PRIVADO;SUBSIDIO;16;MICHOAC¡N DE OCAMPO;102;URUAPAN;1;URUAPAN;AVENIDA ANILLO DE CIRCUNVALACI”N;0;AVENIDA LENIN;CALLE PRINCIPAL;CALLE VLADIMIR ILICH LENIN;138;LA ESPERANZA;60010;;52;48;100;0;6;6;6;6;;102:4:33.18 W;19:25:52.91 N;-102,075883;19,431365
16DJN0109Y;2;VESPERTINO;DIEGO RIVERA;B¡SICA;PREESCOLAR;GENERAL;P⁄BLICO;FEDERAL;16;MICHOAC¡N DE OCAMPO;102;URUAPAN;1;URUAPAN;AVENIDA QUIRINDAVARA;0;CALLE SOR JUANA IN…S DE LA CRUZ;AVENIDA SANTA ROSA;CALLE ENRIQUE AGUILAR;206;MOVIMIENTO MAGISTERIAL;60190;;36;22;58;0;3;3;3;3;;102:2:35.59 W;19:22:44.30 N;-102,04322;19,378971
16PJN0373B;1;MATUTINO;JUEGA Y APRENDE;B¡SICA;PREESCOLAR;GENERAL;PRIVADO;PRIVADO;16;MICHOAC¡N DE OCAMPO;102;URUAPAN;1;URUAPAN;CALLE TLAXCALA;2048;CALLE BRUSELAS;CALLE DE ESTOCOLMO;CALLE CUBA;182;LOS ¡NGELES;60160;;36;31;67;0;3;3;3;3;;102:3:15.66 W;19:23:54.73 N;-102,054351;19,398535
16DJN0861N;1;MATUTINO;PELAGIO A RODRIGUEZ GUILLEN;B¡SICA;PREESCOLAR;GENERAL;P⁄BLICO;FEDERAL TRANSFERIDO;16;MICHOAC¡N DE OCAMPO;102;URUAPAN;349;LA COFRADÕA;NINGUNO LIBRAMIENTO ORIENTE;0;NINGUNO CAMINO VIEJO A TOREO;AVENIDA L¡ZARO C¡RDENAS;CALLE CAMINO VIEJO A TOREO;2;LA COFRADÕA;60126;;56;84;140;0;6;6;6;6;;102:1:31.27 W;19:25:42.19 N;-102,025354;19,428385
16DJN1578X;1;MATUTINO;JOSE VASCONCELOS;B¡SICA;PREESCOLAR;GENERAL;P⁄BLICO;FEDERAL TRANSFERIDO;16;MICHOAC¡N DE OCAMPO;102;URUAPAN;90;NUEVO ZIROSTO;CALLE JUAN DE DIOS PEZA;0;CALLE VASCO DE QUIROGA;CALLE MOTOLINIA;NINGUNO NINGUNO;2;NUEVO ZIROSTO;60200;;58;38;96;1;4;5;5;5;;102:19:26.26 W;19:32:5.24 N;-102,32396;19,53479
16PJN0352P;1;MATUTINO;INSTITUTO SANTA MARIA;B¡SICA;PREESCOLAR;GENERAL;PRIVADO;PRIVADO;16;MICHOAC¡N DE OCAMPO;102;URUAPAN;1;URUAPAN;CALLE DIAGONAL ALDAMA;27;CALLE PEDRO DE LE”N;PRIVADA PRIMERA DIAGONAL ALDAMA;NINGUNO NINGUNO;156;LA TAMACUA;60090;;40;51;91;0;4;4;4;5;;102:3:45.82 W;19:24:35.78 N;-102,062729;19,409939
16DJN0835P;1;MATUTINO;ISIDRO HUARTE;B¡SICA;PREESCOLAR;GENERAL;P⁄BLICO;FEDERAL TRANSFERIDO;16;MICHOAC¡N DE OCAMPO;102;URUAPAN;90;NUEVO ZIROSTO;CALLE TABACHIN;0;CALLE OLIVO;CALLE ARAUCARIA;CALLE ENCINO;2;NUEVO ZIROSTO;60200;;;;;;;;;;;102:20:54.56 W;19:32:59.88 N;-102,348488;19,549967
16DJN2099V;1;MATUTINO;COSMOS;B¡SICA;PREESCOLAR;GENERAL;P⁄BLICO;FEDERAL TRANSFERIDO;16;MICHOAC¡N DE OCAMPO;102;URUAPAN;1;URUAPAN;AVENIDA UNIVERSO;305;CERRADA NINGUNO;CALLE DIA;CALLE JESUS ROMERO FLORES;296;SOL NACIENTE;60154;;56;67;123;0;6;6;6;6;;102:1:31.92 W;19:24:18.71 N;-102,025532;19,405197
16PJN0685D;1;MATUTINO;FRIDA KAHLO;B¡SICA;PREESCOLAR;GENERAL;PRIVADO;PRIVADO;16;MICHOAC¡N DE OCAMPO;102;URUAPAN;1;URUAPAN;CALLE OYAMEL FRACCIONAMIENTO COLORIN NORTE;153;CALLE JOSE CLEMENTE OROZCO;CALLE DIEGO RIVERA;CALLE PARAGUAY;9;NINGUNO;0;;14;15;29;0;3;3;3;4;;102:3:46.80 W;19:25:15.24 N;-102,063;19,4209
16DJN0860O;1;MATUTINO;HEROES DE URUAPAN;B¡SICA;PREESCOLAR;GENERAL;P⁄BLICO;FEDERAL TRANSFERIDO;16;MICHOAC¡N DE OCAMPO;102;URUAPAN;1;URUAPAN;CALLE VERACRUZANA;0;CALLE AGUACATE;CALLE PERA;CALLE DURAZNO;122;JARDINES DE SAN RAFAEL;60136;;72;80;152;0;6;6;6;6;;102:0:30.14 W;19:25:7.63 N;-102,008372;19,418787
16PJN0322V;1;MATUTINO;SOR JUANA INES DE LA CRUZ;B¡SICA;PREESCOLAR;GENERAL;PRIVADO;PRIVADO;16;MICHOAC¡N DE OCAMPO;102;URUAPAN;1;URUAPAN;CALLE MARCOS W MENDEZ;4;CALLE 5 DE FEBRERO;CALLE CENTRAL CUPATITZIO;CALLE RAFAEL LEDEZMA;361;CENTRO (FRATERNIDAD);60073;;27;15;42;0;3;3;3;3;;102:3:50.72 W;19:24:52.11 N;-102,064089;19,414475
16PJN0076B;1;MATUTINO;PEQUE—OS EN ACCI”N;B¡SICA;PREESCOLAR;GENERAL;PRIVADO;PRIVADO;16;MICHOAC¡N DE OCAMPO;102;URUAPAN;1;URUAPAN;CALLE CALZADA DEL PEDREGAL;861;CALLE DELICIAS;CALLE NORTE;CALLE NI—O OBRERO;101;GRANJAS DEL PEDREGAL;60090;;19;22;41;0;3;3;5;5;;102:3:47.20 W;19:24:11.85 N;-102,06311;19,403292
16EJN0223P;1;MATUTINO;ADOLFO SILVA;B¡SICA;PREESCOLAR;GENERAL;P⁄BLICO;ESTATAL;16;MICHOAC¡N DE OCAMPO;102;URUAPAN;1;URUAPAN;CALLE JOS… MARTÕ;10;CALLE THOMAS ALVA EDISON;CALLE ISAAC NEWTON;CALLE AM…RICO VESPUCIO;306;VALLE DE SAN PEDRO;60063;;32;24;56;0;3;3;2;2;;102:4:21.06 W;19:24:48.99 N;-102,072516;19,413608
16PJN0260Z;1;MATUTINO;MAIN;B¡SICA;PREESCOLAR;GENERAL;PRIVADO;PRIVADO;16;MICHOAC¡N DE OCAMPO;102;URUAPAN;1;URUAPAN;PROLONGACI”N MAZATLAN;1247;CALLE RÕO DE JANEIRO;CALLE AMSTERDAM;CALLE MANUEL P…REZ CORONADO;124;JARDINES DEL CUPATITZIO;60080;;47;31;78;0;5;5;5;5;;102:3:25.18 W;19:24:1.82 N;-102,056995;19,400505
16DJN0126O;1;MATUTINO;FRIDA KAHLO;B¡SICA;PREESCOLAR;GENERAL;P⁄BLICO;FEDERAL;16;MICHOAC¡N DE OCAMPO;102;URUAPAN;1;URUAPAN;CALLE FERR”N;0;NINGUNO NINGUNO;CALLE BOBAL;CALLE JOSEFA ORTIZ DE DOMÕNGUEZ;382;LOS VI—EDOS;60094;;27;41;68;1;3;4;4;4;;102:4:36.56 W;19:24:21.57 N;-102,076822;19,405991
16DJN0145C;1;MATUTINO;ROSAURA ZAPATA;B¡SICA;PREESCOLAR;GENERAL;P⁄BLICO;FEDERAL TRANSFERIDO;16;MICHOAC¡N DE OCAMPO;102;URUAPAN;1;URUAPAN;CALLE GARCÕA ORTIZ;3;CALLE PORTAL MERCADO;CALLE DONATO GUERRA;CALLE OCAMPO;54;CENTRO;60000;;79;57;136;0;6;6;6;6;;102:3:47.68 W;19:25:18.61 N;-102,063245;19,421835
16SJN0006D;5;CONTINUO;CENTRO DE DESARROLLO INFANTIL TZIPIPARIN;B¡SICA;PREESCOLAR;GENERAL;PRIVADO;SUBSIDIO;16;MICHOAC¡N DE OCAMPO;102;URUAPAN;1;URUAPAN;AVENIDA PASEO DE LA REVOLUCI”N;55;CALLE ENCINOS;AVENIDA ZUMPIMITO;CALLE COBANO;123;JARDINES DEL BOSQUE;60183;;43;35;78;0;3;3;3;3;;102:3:33.85 W;19:22:45.68 N;-102,059404;19,379355
16DJN0130A;1;MATUTINO;MANUEL PEREZ CORONADO;B¡SICA;PREESCOLAR;GENERAL;P⁄BLICO;FEDERAL TRANSFERIDO;16;MICHOAC¡N DE OCAMPO;102;URUAPAN;1;URUAPAN;ANDADOR CAOBA;0;CALLE FUERTE;CALLE LIC”N;ANDADOR HASS;113;INFONAVIT AGUACATES;60170;;35;40;75;0;6;6;6;6;;102:3:9.32 W;19:23:48.33 N;-102,052589;19,396757
16PJN0686C;1;MATUTINO;INSTITUTO FREINET;B¡SICA;PREESCOLAR;GENERAL;PRIVADO;PRIVADO;16;MICHOAC¡N DE OCAMPO;102;URUAPAN;1;URUAPAN;CALLE MELITON MUZQUIZ;2;CALLE CARLOS SALINAS DE GORTARI;CALLE SAN FRANCISCO URUAPAN;CALLE ANASTASIO BUSTAMANTE;378;;0;;15;12;27;0;1;1;1;6;;102:1:37.20 W;19:23:42.00 N;-102,027;19,395
16PJN0536W;1;MATUTINO;PASO A PASITO;B¡SICA;PREESCOLAR;GENERAL;PRIVADO;PRIVADO;16;MICHOAC¡N DE OCAMPO;102;URUAPAN;1;URUAPAN;CALLE PLAN DE AYALA;0;NINGUNO CAMINO VIEJO A ZUMPIMITO;CALLE PLAN DE AYALA;AVENIDA VIADUCTO;18;EMILIANO ZAPATA;60180;;21;15;36;0;3;3;3;3;;102:3:11.58 W;19:23:27.91 N;-102,053216;19,391085
16DNM0009W;1;MATUTINO;MANUEL OCARANZA;B¡SICA;PREESCOLAR;GENERAL;P⁄BLICO;FEDERAL TRANSFERIDO;16;MICHOAC¡N DE OCAMPO;102;URUAPAN;1;URUAPAN;CALLE DURAZNOS LA HUERTA;0;CALLE LIMON;NINGUNO NINGUNO;NINGUNO NINGUNO;378;;0;;13;18;31;0;3;3;3;3;;102:0:35.22 W;19:24:17.24 N;-102,009782;19,40479
16PJN0210R;1;MATUTINO;GANDHI;B¡SICA;PREESCOLAR;GENERAL;PRIVADO;PRIVADO;16;MICHOAC¡N DE OCAMPO;102;URUAPAN;1;URUAPAN;CALLE BENITO JUAREZ;0;CALLE MELCHOR OCAMPO;NINGUNO NINGUNO;PRIVADA MELCHOR OCAMPO;89;FRANCISCO J. M⁄JICA;60050;;9;5;14;0;2;2;2;3;;102:1:17.58 W;19:25:45.47 N;-102,021549;19,429297
16PJN0199L;1;MATUTINO;CENTRO ESCOLAR MICHOACAN;B¡SICA;PREESCOLAR;GENERAL;PRIVADO;PRIVADO;16;MICHOAC¡N DE OCAMPO;102;URUAPAN;1;URUAPAN;CALLE JUAN N. M…NDEZ;42;CALLE CAPIT¡N EVARISTO CABRERA;CALLE GENERAL MIGUEL NEGRETE;CALLE GENERAL JUAN FRANCISCO LUCAS;399;IGNACIO ZARAGOZA;58114;;8;6;14;1;1;2;2;3;;101:12:11.50 W;19:43:25.89 N;-101,203195;19,723857
16EJN0222Q;1;MATUTINO;BENITO JUAREZ;B¡SICA;PREESCOLAR;GENERAL;P⁄BLICO;ESTATAL;16;MICHOAC¡N DE OCAMPO;102;URUAPAN;1;URUAPAN;AVENIDA DE LAS JACARANDAS;4;NINGUNO NINGUNO;CALLE NINGUNO;NINGUNO NINGUNO;43;BENITO JU¡REZ;60090;;24;22;46;0;3;3;3;3;;102:3:57.52 W;19:23:51.61 N;-102,065978;19,397669
16PJN0516I;1;MATUTINO;NUEVA ERA;B¡SICA;PREESCOLAR;GENERAL;PRIVADO;PRIVADO;16;MICHOAC¡N DE OCAMPO;102;URUAPAN;1;URUAPAN;CALLE INSURGENTES;168;CALLE YACATAS;CALLE CEDROS;CALLE GUSTAVO DÕAZ ORDAZ;220;POPULAR CAMPESTRE;60100;;12;12;24;0;3;3;3;4;;102:1:55.17 W;19:25:51.90 N;-102,031991;19,431082
;;;;;;;;;;;;;;;;;;;;;;;;;;;;;;;;;;;;
;;;;;;;;;;;;;;;;;;;;;;;;;;;;;;;;;;;;
La informaciÛn contenida en el Sistema de InformaciÛn y GestiÛn Educativa (SIGED) se integra con fundamento en lo dispuesto en los artÌculos 113 fracciÛn XIII y 114 fracciÛn IX de la Ley General de EducaciÛn, asÌ como de otras disposiciones normativas.;;;;;;;;;;;;;;;;;;;;;;;;;;;;;;;;;;;;
;;;;;;;;;;;;;;;;;;;;;;;;;;;;;;;;;;;;
DirecciÛn General de PlaneaciÛn, ProgramaciÛn y EstadÌstica Educativa;;;;;;;;;;;;;;;;;;;;;;;;;;;;;;;;;;;;
;;;;;;;;;;;;;;;;;;;;;;;;;;;;;;;;;;;;
Fuentes:;InformaciÛn de centros de trabajo educativos: Cat·logo Nacional de Centros de Trabajo, DirecciÛn General de PlaneaciÛn, ProgramaciÛn y EstadÌstica Educativa / SEP;;;;;;;;;;;;;;;;;;;;;;;;;;;;;;;;;;;
;InformaciÛn estadÌstica educativa: Cuestionarios del formato 911 (inicio de ciclo escolar 2023 - 2024), DirecciÛn General de PlaneaciÛn, ProgramaciÛn y EstadÌstica Educativa / SEP;;;;;;;;;;;;;;;;;;;;;;;;;;;;;;;;;;;
